,fold,sampler,model,precision,recall,f1_score,auc_roc,auc_pr,gmean,balanced_accuracy,confusion_matrix,training_time,fold_time
0,1,None,LogisticRegression,0.8769230769230769,0.5757575757575758,0.6951219512195121,0.9774210103070698,0.7226368283614121,0.7587335322666947,0.7878084433665391,"[[56855     8]
 [   42    57]]",3.91274094581604,948.0880317687988
1,1,None,KNN,0.8823529411764706,0.7575757575757576,0.8152173913043478,0.9089484436898397,0.7726137702602993,0.8703117426146003,0.8786999481475679,"[[56853    10]
 [   24    75]]",2.912261962890625,948.0880317687988
2,1,None,SVM,0.875,0.7070707070707071,0.7821229050279329,0.9295304308405974,0.7750448972200875,0.8408010232573884,0.8534474228950426,"[[56853    10]
 [   29    70]]",12.42527723312378,948.0880317687988
3,1,None,DecisionTree,0.7474747474747475,0.7474747474747475,0.7474747474747475,0.8735175471365965,0.5591573871963883,0.8643761437065111,0.8735175471365965,"[[56838    25]
 [   25    74]]",26.335410356521606,948.0880317687988
4,1,None,RandomForest,0.9146341463414634,0.7575757575757576,0.8287292817679558,0.930030214389112,0.8226383457875817,0.8703347044704876,0.8787263273396612,"[[56856     7]
 [   24    75]]",4.8094482421875,948.0880317687988
5,1,None,XGBoost,0.9493670886075949,0.7575757575757576,0.8426966292134831,0.9798123684482125,0.8398094941549702,0.8703576657205929,0.8787527065317544,"[[56859     4]
 [   24    75]]",2.1835010051727295,948.0880317687988
6,1,None,LightGBM,0.2634146341463415,0.5454545454545454,0.35526315789473684,0.7000184032612852,0.21040988746249445,0.7375676836723443,0.7713995200585777,"[[56712   151]
 [   45    54]]",2.597662925720215,948.0880317687988
7,1,None,LogisticRegression_Balanced,0.07137192704203013,0.9090909090909091,0.1323529411764706,0.9878542028270323,0.7094843936817872,0.9435940209641307,0.9442487765650455,"[[55692  1171]
 [    9    90]]",4.48716402053833,948.0880317687988
8,1,None,DecisionTree_Balanced,0.7789473684210526,0.7474747474747475,0.7628865979381443,0.8735527193927208,0.5826823765905962,0.8644065586027609,0.8735527193927208,"[[56842    21]
 [   25    74]]",8.342717409133911,948.0880317687988
9,1,None,RandomForest_Balanced,0.9146341463414634,0.7575757575757576,0.8287292817679558,0.930030214389112,0.8226383457875817,0.8703347044704876,0.8787263273396612,"[[56856     7]
 [   24    75]]",4.483186721801758,948.0880317687988
10,1,Random OverSampling,LogisticRegression,0.07074721780604133,0.898989898989899,0.131171702284451,0.9877614759699772,0.7097188761671993,0.9383540373962275,0.9392158576426026,"[[55694  1169]
 [   10    89]]",0.5549538135528564,948.0880317687988
11,1,Random OverSampling,KNN,0.6666666666666666,0.8080808080808081,0.730593607305936,0.9088641546215013,0.6762922281251292,0.8986169192585837,0.9036886814791603,"[[56823    40]
 [   19    80]]",3.070411205291748,948.0880317687988
12,1,Random OverSampling,SVM,0.12303290414878398,0.8686868686868687,0.21553884711779447,0.9777807265628872,0.6884622092627302,0.9269963142725687,0.9289532860923748,"[[56250   613]
 [   13    86]]",90.86692023277283,948.0880317687988
13,1,Random OverSampling,DecisionTree,0.8222222222222222,0.7474747474747475,0.783068783068783,0.8735966847128762,0.615029237007632,0.8644445757182065,0.8735966847128762,"[[56847    16]
 [   25    74]]",11.661325454711914,948.0880317687988
14,1,Random OverSampling,RandomForest,0.8555555555555555,0.7777777777777778,0.8148148148148148,0.9620303948689718,0.8261669201439672,0.8818162861293314,0.8887745790564847,"[[56850    13]
 [   22    77]]",5.482965707778931,948.0880317687988
15,1,Random OverSampling,XGBoost,0.8695652173913043,0.8080808080808081,0.837696335078534,0.9793338125997325,0.8473372455936469,0.8988382924252293,0.903934887272031,"[[56851    12]
 [   19    80]]",3.8107922077178955,948.0880317687988
16,1,Random OverSampling,LightGBM,0.8279569892473119,0.7777777777777778,0.8020833333333334,0.9633408278660904,0.7584996966307823,0.8817930189018934,0.8887481998643914,"[[56847    16]
 [   22    77]]",5.4658355712890625,948.0880317687988
17,1,SMOTE,LogisticRegression,0.06612784717119764,0.9090909090909091,0.1232876712328767,0.9879856546933556,0.7026661125833866,0.9427464863283831,0.9433694701619362,"[[55592  1271]
 [    9    90]]",0.4412648677825928,948.0880317687988
18,1,SMOTE,KNN,0.47674418604651164,0.8282828282828283,0.6051660516605166,0.9237683981542026,0.5924743441926867,0.9093799329063392,0.9133500383786158,"[[56773    90]
 [   17    82]]",3.1987221240997314,948.0880317687988
19,1,SMOTE,SVM,0.10763454317897372,0.8686868686868687,0.1915367483296214,0.966509972489256,0.675343046318041,0.926171951002113,0.9280739796892656,"[[56150   713]
 [   13    86]]",85.53885746002197,948.0880317687988
20,1,SMOTE,DecisionTree,0.38071065989847713,0.7575757575757576,0.5067567567567568,0.8777151249760855,0.28883850011034806,0.8694540660738981,0.8777151249760855,"[[56741   122]
 [   24    75]]",45.67865586280823,948.0880317687988
21,1,SMOTE,RandomForest,0.7207207207207207,0.8080808080808081,0.7619047619047619,0.983145916723111,0.8210417678281122,0.8986880808661966,0.9037678190554401,"[[56832    31]
 [   19    80]]",5.569406509399414,948.0880317687988
22,1,SMOTE,XGBoost,0.7864077669902912,0.8181818181818182,0.801980198019802,0.9661941327347655,0.8481794256579304,0.9043590370404327,0.9088974616822251,"[[56841    22]
 [   18    81]]",4.027750253677368,948.0880317687988
23,1,SMOTE,LightGBM,0.5915492957746479,0.8484848484848485,0.6970954356846473,0.9691726721517622,0.8041896937327628,0.9206624776860413,0.9237324265286209,"[[56805    58]
 [   15    84]]",5.5065553188323975,948.0880317687988
24,1,ADASYN,LogisticRegression,0.018302180685358254,0.9494949494949495,0.035912129894937916,0.9777957369449201,0.6950482527893127,0.9302171451565867,0.9304128459027075,"[[51821  5042]
 [    5    94]]",0.3680717945098877,948.0880317687988
25,1,ADASYN,KNN,0.47674418604651164,0.8282828282828283,0.6051660516605166,0.9237628913868297,0.5889918661687351,0.9093799329063392,0.9133500383786158,"[[56773    90]
 [   17    82]]",3.194242238998413,948.0880317687988
26,1,ADASYN,SVM,0.04516866781017725,0.797979797979798,0.0854978354978355,0.9420919001313985,0.39347357048472875,0.8800818495266348,0.884305482057975,"[[55193  1670]
 [   20    79]]",86.69730877876282,948.0880317687988
27,1,ADASYN,DecisionTree,0.47096774193548385,0.7373737373737373,0.5748031496062992,0.8679658374363192,0.3477356887007463,0.8580853094872184,0.867965837436319,"[[56781    82]
 [   26    73]]",60.112417221069336,948.0880317687988
28,1,ADASYN,RandomForest,0.3767441860465116,0.8181818181818182,0.5159235668789809,0.9676109706885431,0.7855169479371458,0.9034676192596152,0.9079126385107428,"[[56729   134]
 [   18    81]]",4.9083778858184814,948.0880317687988
29,1,ADASYN,XGBoost,0.7008547008547008,0.8282828282828283,0.7592592592592593,0.9713180909565201,0.8366351949386658,0.9098203164398353,0.9138336569003259,"[[56828    35]
 [   17    82]]",3.967892646789551,948.0880317687988
30,1,ADASYN,LightGBM,0.415,0.8383838383838383,0.5551839464882943,0.9661582499280125,0.8284381946080844,0.9146905482701948,0.9181631307002813,"[[56746   117]
 [   16    83]]",5.505192756652832,948.0880317687988
31,1,Random UnderSampling,LogisticRegression,0.046296296296296294,0.9090909090909091,0.0881057268722467,0.9840824224518367,0.7040560341293685,0.9377901095722616,0.9382431138318095,"[[55009  1854]
 [    9    90]]",0.05725860595703125,948.0880317687988
32,1,Random UnderSampling,KNN,0.06513409961685823,0.8585858585858586,0.12108262108262108,0.9729740291968806,0.48645381819377453,0.9166050586456869,0.9185653911749967,"[[55643  1220]
 [   14    85]]",0.07594633102416992,948.0880317687988
33,1,Random UnderSampling,SVM,0.06041666666666667,0.8787878787878788,0.11306042884990253,0.9813036365803542,0.6874375946724438,0.9262170223667568,0.9274969237598716,"[[55510  1353]
 [   12    87]]",0.5049412250518799,948.0880317687988
34,1,Random UnderSampling,DecisionTree,0.017090620031796504,0.8686868686868687,0.03352173065679205,0.890852939645652,0.015074619522992744,0.8905771305022097,0.8908529396456519,"[[51917  4946]
 [   13    86]]",0.043976783752441406,948.0880317687988
35,1,Random UnderSampling,RandomForest,0.04723564143853999,0.8888888888888888,0.08970438328236494,0.97557766433837,0.7192989997168613,0.9279773094398482,0.9288367557892556,"[[55088  1775]
 [   11    88]]",1.731180191040039,948.0880317687988
36,1,Random UnderSampling,XGBoost,0.04180522565320665,0.8888888888888888,0.07985480943738657,0.9812514111091393,0.7208325201075124,0.9259367771546938,0.9267088342937313,"[[54846  2017]
 [   11    88]]",0.2262740135192871,948.0880317687988
37,1,Random UnderSampling,LightGBM,0.04230769230769231,0.8888888888888888,0.08077099586966498,0.9832859840158084,0.6928874766348013,0.9261477841756397,0.9269286608945086,"[[54871  1992]
 [   11    88]]",0.7274072170257568,948.0880317687988
38,1,Tomek Links,LogisticRegression,0.8769230769230769,0.5757575757575758,0.6951219512195121,0.9779835887674024,0.7241453246942019,0.7587335322666947,0.7878084433665391,"[[56855     8]
 [   42    57]]",0.16725969314575195,948.0880317687988
39,1,Tomek Links,KNN,0.8620689655172413,0.7575757575757576,0.8064516129032258,0.9089485325086684,0.7736571704643735,0.8702964343741063,0.8786823620195057,"[[56851    12]
 [   24    75]]",1.6021132469177246,948.0880317687988
40,1,Tomek Links,SVM,0.8765432098765432,0.7171717171717171,0.7888888888888889,0.9309094319733928,0.764096055132846,0.8467854476991852,0.8584979279455476,"[[56853    10]
 [   28    71]]",11.60081148147583,948.0880317687988
41,1,Tomek Links,DecisionTree,0.7731958762886598,0.7575757575757576,0.7653061224489796,0.8785944313791947,0.5861757852544259,0.8702198891322743,0.8785944313791947,"[[56841    22]
 [   24    75]]",25.990381240844727,948.0880317687988
42,1,Tomek Links,RandomForest,0.9047619047619048,0.7676767676767676,0.8306010928961749,0.9438044159655753,0.816946524283506,0.8761100181947435,0.8837680393261351,"[[56855     8]
 [   23    76]]",4.598499298095703,948.0880317687988
43,1,Tomek Links,XGBoost,0.948051948051948,0.7373737373737373,0.8295454545454546,0.9819022754850975,0.8232698420062499,0.8586744826637372,0.8686516964307442,"[[56859     4]
 [   26    73]]",1.9567604064941406,948.0880317687988
44,1,Tomek Links,LightGBM,0.3939393939393939,0.6565656565656566,0.49242424242424243,0.795166106308677,0.2985248146715351,0.8095745869244519,0.8274035218797191,"[[56763   100]
 [   34    65]]",2.5162947177886963,948.0880317687988
45,1,ENN,LogisticRegression,0.8805970149253731,0.5959595959595959,0.7108433734939759,0.9790224137866717,0.7276189332272889,0.7719298873507882,0.7979094534675493,"[[56855     8]
 [   40    59]]",0.17283987998962402,948.0880317687988
46,1,ENN,KNN,0.8105263157894737,0.7777777777777778,0.7938144329896907,0.908861134781329,0.6721322834236192,0.8817775070758537,0.8887306137363292,"[[56845    18]
 [   22    77]]",1.5919222831726074,948.0880317687988
47,1,ENN,SVM,0.8020833333333334,0.7777777777777778,0.7897435897435897,0.9304880754505291,0.7295702704929559,0.881769751060504,0.8887218206722982,"[[56844    19]
 [   22    77]]",11.93584418296814,948.0880317687988
48,1,ENN,DecisionTree,0.6842105263157895,0.7878787878787878,0.7323943661971831,0.8936228436342746,0.5394436269581103,0.8873443420326675,0.8936228436342746,"[[56827    36]
 [   21    78]]",25.940752267837524,948.0880317687988
49,1,ENN,RandomForest,0.8571428571428571,0.7878787878787878,0.8210526315789474,0.9769452078422762,0.7893338966862138,0.8875238944920826,0.8938250841069897,"[[56850    13]
 [   21    78]]",4.660916566848755,948.0880317687988
50,1,ENN,XGBoost,0.875,0.7777777777777778,0.8235294117647058,0.9797251483585303,0.8133002414256209,0.8818317972732298,0.888792165184547,"[[56852    11]
 [   22    77]]",1.9736826419830322,948.0880317687988
51,1,ENN,LightGBM,0.27976190476190477,0.47474747474747475,0.352059925093633,0.6558214436008433,0.1654966077147562,0.6882857323750171,0.7363097766259752,"[[56742   121]
 [   52    47]]",2.8016200065612793,948.0880317687988
52,1,SMOTEENN,LogisticRegression,0.06419400855920114,0.9090909090909091,0.11992005329780146,0.986055888004431,0.7046863479307021,0.9423987768081339,0.9430089545366614,"[[55551  1312]
 [    9    90]]",0.2823059558868408,948.0880317687988
53,1,SMOTEENN,KNN,0.45108695652173914,0.8383838383838383,0.5865724381625441,0.9286327389399686,0.501525709295195,0.914819491431825,0.9183038197247788,"[[56762   101]
 [   16    83]]",3.3579816818237305,948.0880317687988
54,1,SMOTEENN,SVM,0.10635696821515893,0.8787878787878788,0.18974918211559433,0.969237065802495,0.6678368991716371,0.9313917847518979,0.9329662095872109,"[[56132   731]
 [   12    87]]",84.7628858089447,948.0880317687988
55,1,SMOTEENN,DecisionTree,0.36792452830188677,0.7878787878787878,0.5016077170418006,0.8927611233592276,0.2902485982198839,0.8865788848634951,0.8927611233592276,"[[56729   134]
 [   21    78]]",41.62714457511902,948.0880317687988
56,1,SMOTEENN,RandomForest,0.6982758620689655,0.8181818181818182,0.7534883720930232,0.9850152866085898,0.7694822427765565,0.9042556139851574,0.9087831518498208,"[[56828    35]
 [   18    81]]",5.598116397857666,948.0880317687988
57,1,SMOTEENN,XGBoost,0.6384615384615384,0.8383838383838383,0.7248908296943232,0.9677517485318692,0.8040045574717942,0.9152545404875768,0.9187786451824578,"[[56816    47]
 [   16    83]]",4.085198640823364,948.0880317687988
58,1,SMOTEENN,LightGBM,0.5256410256410257,0.8282828282828283,0.6431372549019608,0.9633933197937912,0.7158820700240467,0.9095080664727369,0.9134907274031133,"[[56789    74]
 [   17    82]]",5.258153438568115,948.0880317687988
59,1,SMOTETomek,LogisticRegression,0.06612784717119764,0.9090909090909091,0.1232876712328767,0.9879856546933556,0.7026661125833866,0.9427464863283831,0.9433694701619362,"[[55592  1271]
 [    9    90]]",0.34224462509155273,948.0880317687988
60,1,SMOTETomek,KNN,0.47674418604651164,0.8282828282828283,0.6051660516605166,0.9237683981542026,0.5924743441926867,0.9093799329063392,0.9133500383786158,"[[56773    90]
 [   17    82]]",3.4072158336639404,948.0880317687988
61,1,SMOTETomek,SVM,0.10763454317897372,0.8686868686868687,0.1915367483296214,0.966509972489256,0.675343046318041,0.926171951002113,0.9280739796892656,"[[56150   713]
 [   13    86]]",85.41550207138062,948.0880317687988
62,1,SMOTETomek,DecisionTree,0.38071065989847713,0.7575757575757576,0.5067567567567568,0.8777151249760855,0.28883850011034806,0.8694540660738981,0.8777151249760855,"[[56741   122]
 [   24    75]]",46.07521986961365,948.0880317687988
63,1,SMOTETomek,RandomForest,0.7207207207207207,0.8080808080808081,0.7619047619047619,0.983145916723111,0.8210417678281122,0.8986880808661966,0.9037678190554401,"[[56832    31]
 [   19    80]]",6.001734256744385,948.0880317687988
64,1,SMOTETomek,XGBoost,0.7864077669902912,0.8181818181818182,0.801980198019802,0.9661941327347655,0.8481794256579304,0.9043590370404327,0.9088974616822251,"[[56841    22]
 [   18    81]]",4.529303550720215,948.0880317687988
65,1,SMOTETomek,LightGBM,0.5915492957746479,0.8484848484848485,0.6970954356846473,0.9691726721517622,0.8041896937327628,0.9206624776860413,0.9237324265286209,"[[56805    58]
 [   15    84]]",6.278602361679077,948.0880317687988
66,2,None,LogisticRegression,0.84,0.6363636363636364,0.7241379310344828,0.982951403488484,0.7650415047646727,0.797639857513902,0.8180763014134451,"[[56851    12]
 [   36    63]]",0.2751963138580322,925.5749802589417
67,2,None,KNN,1.0,0.7878787878787878,0.8813559322033898,0.9393239501570051,0.8625049078502142,0.8876253645985945,0.8939393939393939,"[[56863     0]
 [   21    78]]",1.6706955432891846,925.5749802589417
68,2,None,SVM,0.9873417721518988,0.7878787878787878,0.8764044943820225,0.9434890203052277,0.8464225121037132,0.887617559617613,0.8939306008753629,"[[56862     1]
 [   21    78]]",12.4575514793396,925.5749802589417
69,2,None,DecisionTree,0.7307692307692307,0.7676767676767676,0.7487684729064039,0.8835921780455133,0.5613983389517956,0.8759559091314237,0.8835921780455132,"[[56835    28]
 [   23    76]]",22.23538613319397,925.5749802589417
70,2,None,RandomForest,1.0,0.7878787878787878,0.8813559322033898,0.9757978462144616,0.8852492941970628,0.8876253645985945,0.8939393939393939,"[[56863     0]
 [   21    78]]",4.686728000640869,925.5749802589417
71,2,None,XGBoost,1.0,0.8484848484848485,0.9180327868852459,0.9735108501969202,0.8913862553425544,0.9211323729436766,0.9242424242424243,"[[56863     0]
 [   15    84]]",2.1337661743164062,925.5749802589417
72,2,None,LightGBM,0.1924198250728863,0.6666666666666666,0.2986425339366516,0.7898678855452153,0.16044847565720802,0.814505429704339,0.8308976545967208,"[[56586   277]
 [   33    66]]",3.1920485496520996,925.5749802589417
73,2,None,LogisticRegression_Balanced,0.06471816283924843,0.9393939393939394,0.12109375,0.9827970363643825,0.7230407197509713,0.9577007117810732,0.9578790916391817,"[[55519  1344]
 [    6    93]]",0.20780086517333984,925.5749802589417
74,2,None,DecisionTree_Balanced,0.8111111111111111,0.7373737373737373,0.7724867724867724,0.8685373865983401,0.5985484760726735,0.8585763152109193,0.8685373865983401,"[[56846    17]
 [   26    73]]",9.230854511260986,925.5749802589417
75,2,None,RandomForest_Balanced,1.0,0.7878787878787878,0.8813559322033898,0.9757978462144616,0.8852492941970628,0.8876253645985945,0.8939393939393939,"[[56863     0]
 [   21    78]]",4.563220024108887,925.5749802589417
76,2,Random OverSampling,LogisticRegression,0.06458333333333334,0.9393939393939394,0.12085769980506822,0.9832628023015444,0.7234233162343037,0.95767483648659,0.9578527124470884,"[[55516  1347]
 [    6    93]]",0.26772165298461914,925.5749802589417
77,2,Random OverSampling,KNN,0.7747747747747747,0.8686868686868687,0.819047619047619,0.9392798071991925,0.8083854124567359,0.9318288188953495,0.9341236077426571,"[[56838    25]
 [   13    86]]",3.2575721740722656,925.5749802589417
78,2,Random OverSampling,SVM,0.0961337513061651,0.9292929292929293,0.17424242424242425,0.9671819757464201,0.6093626678237326,0.9566381366710446,0.9570404642595698,"[[55998   865]
 [    7    92]]",97.97455286979675,925.5749802589417
79,2,Random OverSampling,DecisionTree,0.7934782608695652,0.7373737373737373,0.7643979057591623,0.868519800470278,0.5855464753895133,0.8585612115296204,0.8685198004702779,"[[56844    19]
 [   26    73]]",11.629919052124023,925.5749802589417
80,2,Random OverSampling,RandomForest,0.963855421686747,0.8080808080808081,0.8791208791208791,0.973272282823309,0.9012461442462308,0.8989094365079731,0.9040140248483108,"[[56860     3]
 [   19    80]]",5.6664206981658936,925.5749802589417
81,2,Random OverSampling,XGBoost,0.9772727272727273,0.8686868686868687,0.9197860962566845,0.9746715346490245,0.9000479306314265,0.9320173362174287,0.9343258482153722,"[[56861     2]
 [   13    86]]",4.004753351211548,925.5749802589417
82,2,Random OverSampling,LightGBM,0.8901098901098901,0.8181818181818182,0.8526315789473684,0.9525089276245564,0.863443000166324,0.9044544939793772,0.9090029784505982,"[[56853    10]
 [   18    81]]",5.396646499633789,925.5749802589417
83,2,SMOTE,LogisticRegression,0.05930599369085174,0.9494949494949495,0.11163895486935867,0.9818718994457172,0.724045835364128,0.9615603575900017,0.9616370162771162,"[[55372  1491]
 [    5    94]]",0.3898794651031494,925.5749802589417
84,2,SMOTE,KNN,0.5117647058823529,0.8787878787878788,0.6468401486988847,0.9440652768651643,0.6817629421453939,0.9367524525002763,0.9386641150793587,"[[56780    83]
 [   12    87]]",3.198392152786255,925.5749802589417
85,2,SMOTE,SVM,0.08879919273461151,0.8888888888888888,0.1614678899082569,0.9657296102612037,0.6287181191916803,0.935293050384553,0.9365043076243681,"[[55960   903]
 [   11    88]]",84.02278709411621,925.5749802589417
86,2,SMOTE,DecisionTree,0.421875,0.8181818181818182,0.5567010309278351,0.9081148789834579,0.3454864546858991,0.9036507500168354,0.9081148789834579,"[[56752   111]
 [   18    81]]",43.54625868797302,925.5749802589417
87,2,SMOTE,RandomForest,0.8073394495412844,0.8888888888888888,0.8461538461538461,0.9744789754286263,0.8960051969885447,0.9426349317198014,0.9442597900997916,"[[56842    21]
 [   11    88]]",5.726297616958618,925.5749802589417
88,2,SMOTE,XGBoost,0.7962962962962963,0.8686868686868687,0.8309178743961353,0.9686336306810077,0.8876168655551935,0.9318534102740935,0.9341499869347503,"[[56841    22]
 [   13    86]]",5.848576307296753,925.5749802589417
89,2,SMOTE,LightGBM,0.5576923076923077,0.8787878787878788,0.6823529411764706,0.9737880537609711,0.8599070718621774,0.9368679308908724,0.938787217975794,"[[56794    69]
 [   12    87]]",6.071716785430908,925.5749802589417
90,2,ADASYN,LogisticRegression,0.01862123613312203,0.9494949494949495,0.03652613172721974,0.9845513858668282,0.7181979588258708,0.9310066357677464,0.9311866355374436,"[[51909  4954]
 [    5    94]]",0.36402463912963867,925.5749802589417
91,2,ADASYN,KNN,0.5087719298245614,0.8787878787878788,0.6444444444444445,0.9440645663145355,0.6815627811630994,0.9367442034990697,0.9386553220153276,"[[56779    84]
 [   12    87]]",3.2162790298461914,925.5749802589417
92,2,ADASYN,SVM,0.02849480388870265,0.8585858585858586,0.05515898767034393,0.929441079099029,0.31175006917781095,0.9026784446796733,0.9038106297308239,"[[53965  2898]
 [   14    85]]",82.55045485496521,925.5749802589417
93,2,ADASYN,DecisionTree,0.4426229508196721,0.8181818181818182,0.574468085106383,0.9081940165597377,0.3624620508110854,0.9037223997766588,0.9081940165597377,"[[56761   102]
 [   18    81]]",59.16287350654602,925.5749802589417
94,2,ADASYN,RandomForest,0.4292682926829268,0.8888888888888888,0.5789473684210527,0.9611224888030544,0.8639855511488701,0.9418385910390493,0.9434156559528066,"[[56746   117]
 [   11    88]]",5.034618616104126,925.5749802589417
95,2,ADASYN,XGBoost,0.7678571428571429,0.8686868686868687,0.8151658767772512,0.9652292049808888,0.8876379025919052,0.931820621624883,0.934114814678626,"[[56837    26]
 [   13    86]]",4.419841766357422,925.5749802589417
96,2,ADASYN,LightGBM,0.4218009478672986,0.898989898989899,0.5741935483870968,0.9730450842597581,0.8931446570551236,0.9471331001016113,0.9484221956831562,"[[56741   122]
 [   10    89]]",5.820425271987915,925.5749802589417
97,2,Random UnderSampling,LogisticRegression,0.05132450331125828,0.9393939393939394,0.09733124018838304,0.979795492870779,0.7267151182584342,0.9544608635514298,0.9545816926275221,"[[55144  1719]
 [    6    93]]",0.06289291381835938,925.5749802589417
98,2,Random UnderSampling,KNN,0.054786273329319686,0.9191919191919192,0.10340909090909091,0.9731158728661499,0.4175305157203236,0.9454167478464952,0.9457908490671447,"[[55293  1570]
 [    8    91]]",0.08084917068481445,925.5749802589417
99,2,Random UnderSampling,SVM,0.07577019150707744,0.9191919191919192,0.14,0.9819372701035646,0.7463114788999244,0.9493412133889348,0.9498356585214471,"[[55753  1110]
 [    8    91]]",0.5540516376495361,925.5749802589417
100,2,Random UnderSampling,DecisionTree,0.014558547276142768,0.9393939393939394,0.028672730075535686,0.9143446316212438,0.01378154445773683,0.9140014428624809,0.9143446316212438,"[[50568  6295]
 [    6    93]]",0.03935694694519043,925.5749802589417
101,2,Random UnderSampling,RandomForest,0.06676449009537784,0.9191919191919192,0.12448700410396717,0.9823344679050499,0.7623551589048398,0.9479609723487694,0.9484111821484102,"[[55591  1272]
 [    8    91]]",1.8094170093536377,925.5749802589417
102,2,Random UnderSampling,XGBoost,0.051822323462414575,0.9191919191919192,0.09811320754716982,0.9804503540940239,0.7699635672797882,0.9446042290622053,0.9449555079841909,"[[55198  1665]
 [    8    91]]",0.24388670921325684,925.5749802589417
103,2,Random UnderSampling,LightGBM,0.056910569105691054,0.9191919191919192,0.1071849234393404,0.9809028860257252,0.6945992196247786,0.9459466468942795,0.9463360190370724,"[[55355  1508]
 [    8    91]]",0.7535250186920166,925.5749802589417
104,2,Tomek Links,LogisticRegression,0.84,0.6363636363636364,0.7241379310344828,0.9829039742340131,0.7641732996819343,0.797639857513902,0.8180763014134451,"[[56851    12]
 [   36    63]]",0.17185091972351074,925.5749802589417
105,2,Tomek Links,KNN,1.0,0.7878787878787878,0.8813559322033898,0.9393241277946623,0.865184224500941,0.8876253645985945,0.8939393939393939,"[[56863     0]
 [   21    78]]",1.6322839260101318,925.5749802589417
106,2,Tomek Links,SVM,0.9873417721518988,0.7878787878787878,0.8764044943820225,0.9474819595636296,0.8414478905975525,0.887617559617613,0.8939306008753629,"[[56862     1]
 [   21    78]]",12.341710567474365,925.5749802589417
107,2,Tomek Links,DecisionTree,0.7663551401869159,0.8282828282828283,0.7961165048543689,0.9139215875406369,0.6350572475601886,0.9099003632736834,0.9139215875406368,"[[56838    25]
 [   17    82]]",23.43078637123108,925.5749802589417
108,2,Tomek Links,RandomForest,0.9875,0.797979797979798,0.88268156424581,0.9729941022521434,0.8836150474981688,0.8932892950242266,0.8989811059258679,"[[56862     1]
 [   20    79]]",4.830454349517822,925.5749802589417
109,2,Tomek Links,XGBoost,0.9880952380952381,0.8383838383838383,0.907103825136612,0.9778313532951874,0.8685647092844043,0.9156249747895103,0.9191831261278881,"[[56862     1]
 [   16    83]]",2.1793220043182373,925.5749802589417
110,2,Tomek Links,LightGBM,0.20945945945945946,0.6262626262626263,0.3139240506329114,0.7709759430649992,0.14488788266628963,0.7897375887800067,0.8110737361480376,"[[56629   234]
 [   37    62]]",2.7329535484313965,925.5749802589417
111,2,ENN,LogisticRegression,0.8441558441558441,0.6565656565656566,0.7386363636363636,0.9837415357876818,0.7686325901206132,0.810201887922415,0.8281773115144552,"[[56851    12]
 [   34    65]]",0.17537450790405273,925.5749802589417
112,2,ENN,KNN,0.963855421686747,0.8080808080808081,0.8791208791208791,0.9393031665511135,0.8510069780940812,0.8989094365079731,0.9040140248483108,"[[56860     3]
 [   19    80]]",1.6156973838806152,925.5749802589417
113,2,ENN,SVM,0.9411764705882353,0.8080808080808081,0.8695652173913043,0.9453197540002669,0.8266410960938639,0.8988936271984191,0.9039964387202486,"[[56858     5]
 [   19    80]]",12.000115633010864,925.5749802589417
114,2,ENN,DecisionTree,0.7017543859649122,0.8080808080808081,0.7511737089201878,0.9037414398633468,0.5674078069885801,0.8986643609564368,0.9037414398633469,"[[56829    34]
 [   19    80]]",22.652348518371582,925.5749802589417
115,2,ENN,RandomForest,0.9642857142857143,0.8181818181818182,0.8852459016393442,0.9704312349529801,0.87896509327463,0.9045101725415365,0.9090645298988158,"[[56860     3]
 [   18    81]]",4.77555513381958,925.5749802589417
116,2,ENN,XGBoost,0.9545454545454546,0.8484848484848485,0.8983957219251337,0.9789913271966629,0.8858124382313796,0.9210999740701502,0.9242072519862998,"[[56859     4]
 [   15    84]]",2.1140291690826416,925.5749802589417
117,2,ENN,LightGBM,0.3803680981595092,0.6262626262626263,0.4732824427480916,0.7758455241616522,0.3008744049815633,0.790664441626964,0.8122432136641728,"[[56762   101]
 [   37    62]]",2.7465286254882812,925.5749802589417
118,2,SMOTEENN,LogisticRegression,0.057387057387057384,0.9494949494949495,0.10823258491652274,0.9825202768944745,0.7365151587880268,0.9611000626784251,0.9611709838834683,"[[55319  1544]
 [    5    94]]",0.30989885330200195,925.5749802589417
119,2,SMOTEENN,KNN,0.47058823529411764,0.8888888888888888,0.6153846153846154,0.9439054917925186,0.5817353313577476,0.9419879561965836,0.9435739311053664,"[[56764    99]
 [   11    88]]",3.380674362182617,925.5749802589417
120,2,SMOTEENN,SVM,0.08937437934458789,0.9090909090909091,0.162748643761302,0.9660212912943159,0.6502093722425165,0.9457433442761869,0.9464822148289429,"[[55946   917]
 [    9    90]]",81.89160799980164,925.5749802589417
121,2,SMOTEENN,DecisionTree,0.39622641509433965,0.8484848484848485,0.5401929260450161,0.9231169120464444,0.3364554432273859,0.9200950431312522,0.9231169120464444,"[[56735   128]
 [   15    84]]",37.495978355407715,925.5749802589417
122,2,SMOTEENN,RandomForest,0.7981651376146789,0.8787878787878788,0.8365384615384616,0.9807688584133725,0.894137651737691,0.9372555042847227,0.9392004919852553,"[[56841    22]
 [   12    87]]",5.461379051208496,925.5749802589417
123,2,SMOTEENN,XGBoost,0.7073170731707317,0.8787878787878788,0.7837837837837838,0.9757483741269332,0.8887735969525873,0.9371400736525719,0.93907738908882,"[[56827    36]
 [   12    87]]",4.2409892082214355,925.5749802589417
124,2,SMOTEENN,LightGBM,0.5240963855421686,0.8787878787878788,0.6566037735849056,0.9541964853678973,0.8335165128379881,0.9367854477787247,0.9386992873354831,"[[56784    79]
 [   12    87]]",5.671499729156494,925.5749802589417
125,2,SMOTETomek,LogisticRegression,0.05930599369085174,0.9494949494949495,0.11163895486935867,0.9818718994457172,0.724045835364128,0.9615603575900017,0.9616370162771162,"[[55372  1491]
 [    5    94]]",0.29133081436157227,925.5749802589417
126,2,SMOTETomek,KNN,0.5117647058823529,0.8787878787878788,0.6468401486988847,0.9440652768651643,0.6817629421453939,0.9367524525002763,0.9386641150793587,"[[56780    83]
 [   12    87]]",3.361520290374756,925.5749802589417
127,2,SMOTETomek,SVM,0.08879919273461151,0.8888888888888888,0.1614678899082569,0.9657296102612037,0.6287181191916803,0.935293050384553,0.9365043076243681,"[[55960   903]
 [   11    88]]",83.88852500915527,925.5749802589417
128,2,SMOTETomek,DecisionTree,0.421875,0.8181818181818182,0.5567010309278351,0.9081148789834579,0.3454864546858991,0.9036507500168354,0.9081148789834579,"[[56752   111]
 [   18    81]]",46.06702375411987,925.5749802589417
129,2,SMOTETomek,RandomForest,0.8073394495412844,0.8888888888888888,0.8461538461538461,0.9744789754286263,0.8960051969885447,0.9426349317198014,0.9442597900997916,"[[56842    21]
 [   11    88]]",5.826470136642456,925.5749802589417
130,2,SMOTETomek,XGBoost,0.7962962962962963,0.8686868686868687,0.8309178743961353,0.9686336306810077,0.8876168655551935,0.9318534102740935,0.9341499869347503,"[[56841    22]
 [   13    86]]",4.117836952209473,925.5749802589417
131,2,SMOTETomek,LightGBM,0.5576923076923077,0.8787878787878788,0.6823529411764706,0.9737880537609711,0.8599070718621774,0.9368679308908724,0.938787217975794,"[[56794    69]
 [   12    87]]",5.539570569992065,925.5749802589417
132,3,None,LogisticRegression,0.8787878787878788,0.5918367346938775,0.7073170731707317,0.9783785733486895,0.7797741759358608,0.7692551395739984,0.79584802283469,"[[56855     8]
 [   40    58]]",0.26758813858032227,990.3044996261597
133,3,None,KNN,0.9753086419753086,0.8061224489795918,0.88268156424581,0.9233598333552862,0.8173394878653482,0.8978274309879092,0.9030436383617337,"[[56861     2]
 [   19    79]]",1.6117446422576904,990.3044996261597
134,3,None,SVM,0.975,0.7959183673469388,0.8764044943820225,0.969679541267644,0.8375407068830155,0.8921268817283046,0.8979415975454073,"[[56861     2]
 [   20    78]]",12.189113140106201,990.3044996261597
135,3,None,DecisionTree,0.7692307692307693,0.8163265306122449,0.7920792079207921,0.9079522317693762,0.6282594907744447,0.9033172123138445,0.9079522317693762,"[[56839    24]
 [   18    80]]",22.628162384033203,990.3044996261597
136,3,None,RandomForest,0.9512195121951219,0.7959183673469388,0.8666666666666667,0.9538251981938687,0.8555085204617314,0.8921111919809088,0.897924011417345,"[[56859     4]
 [   20    78]]",4.747703552246094,990.3044996261597
137,3,None,XGBoost,0.9518072289156626,0.8061224489795918,0.8729281767955801,0.9930201016621762,0.8650988337896367,0.8978116409855162,0.9030260522336715,"[[56859     4]
 [   19    79]]",2.238239288330078,990.3044996261597
138,3,None,LightGBM,0.17142857142857143,0.1836734693877551,0.17733990147783252,0.5180057725568112,0.043278616899259936,0.42824344739801085,0.5910717381231726,"[[56776    87]
 [   80    18]]",2.8342552185058594,990.3044996261597
139,3,None,LogisticRegression_Balanced,0.061611374407582936,0.9285714285714286,0.11555555555555555,0.9813405797751632,0.7276058633162641,0.9518077966456238,0.9520985275386205,"[[55477  1386]
 [    7    91]]",0.2196507453918457,990.3044996261597
140,3,None,DecisionTree_Balanced,0.7596153846153846,0.8061224489795918,0.7821782178217822,0.9028413978890187,0.612676575688392,0.8976458291910306,0.9028413978890186,"[[56838    25]
 [   19    79]]",15.183640003204346,990.3044996261597
141,3,None,RandomForest_Balanced,0.9512195121951219,0.7959183673469388,0.8666666666666667,0.9538251981938687,0.8555085204617314,0.8921111919809088,0.897924011417345,"[[56859     4]
 [   20    78]]",4.777572393417358,990.3044996261597
142,3,Random OverSampling,LogisticRegression,0.06224350205198358,0.9285714285714286,0.11666666666666667,0.9807130421238013,0.7273174108763304,0.9519364639492823,0.9522304234990868,"[[55492  1371]
 [    7    91]]",0.2813997268676758,990.3044996261597
143,3,Random OverSampling,KNN,0.6859504132231405,0.8469387755102041,0.7579908675799086,0.9232975641059231,0.7411515054154277,0.9199852114610647,0.9231352513219205,"[[56825    38]
 [   15    83]]",3.2918431758880615,990.3044996261597
144,3,Random OverSampling,SVM,0.09574468085106383,0.9183673469387755,0.17341040462427745,0.986805020444771,0.7409546669338187,0.9511253335039975,0.9517095690429593,"[[56013   850]
 [    8    90]]",99.28721761703491,990.3044996261597
145,3,Random OverSampling,DecisionTree,0.7358490566037735,0.7959183673469388,0.7647058823529411,0.8977129778805988,0.5860268971770854,0.8919228934843824,0.8977129778805988,"[[56835    28]
 [   20    78]]",16.612979888916016,990.3044996261597
146,3,Random OverSampling,RandomForest,0.9411764705882353,0.8163265306122449,0.8743169398907104,0.9670611821395284,0.854245241029176,0.9034681790177812,0.9081192999859671,"[[56858     5]
 [   18    80]]",5.54714298248291,990.3044996261597
147,3,Random OverSampling,XGBoost,0.9431818181818182,0.8469387755102041,0.8924731182795699,0.9921180050727006,0.8672640535467808,0.9202523043390706,0.9234254224349466,"[[56858     5]
 [   15    83]]",5.624752521514893,990.3044996261597
148,3,Random OverSampling,LightGBM,0.8571428571428571,0.7959183673469388,0.8253968253968254,0.9938252950970233,0.822717945797653,0.8920405847026138,0.8978448738410651,"[[56850    13]
 [   20    78]]",5.874079942703247,990.3044996261597
149,3,SMOTE,LogisticRegression,0.05714285714285714,0.9183673469387755,0.10759115361625822,0.9779768738826976,0.7269671539886859,0.945718677074877,0.9461259733832157,"[[55378  1485]
 [    8    90]]",0.36652684211730957,990.3044996261597
150,3,SMOTE,KNN,0.44385026737967914,0.8469387755102041,0.5824561403508772,0.9331780968722891,0.6301691165248291,0.9194507929402427,0.9225549090958685,"[[56759   104]
 [   15    83]]",3.1597845554351807,990.3044996261597
151,3,SMOTE,SVM,0.08670520231213873,0.9183673469387755,0.15845070422535212,0.9861374653795535,0.75825016566732,0.9502929277372815,0.9508478487679123,"[[55915   948]
 [    8    90]]",89.8967776298523,990.3044996261597
152,3,SMOTE,DecisionTree,0.39705882352941174,0.826530612244898,0.5364238410596026,0.9121837592466246,0.32847972232554473,0.9081534831965381,0.9121837592466246,"[[56740   123]
 [   17    81]]",56.235989809036255,990.3044996261597
153,3,SMOTE,RandomForest,0.7130434782608696,0.8367346938775511,0.7699530516431925,0.9923367549717599,0.8494187135200347,0.9144665665855101,0.9180771758257495,"[[56830    33]
 [   16    82]]",5.68638277053833,990.3044996261597
154,3,SMOTE,XGBoost,0.717948717948718,0.8571428571428571,0.7813953488372093,0.9871563841054422,0.8650270270444466,0.925551414535734,0.9282812574584025,"[[56830    33]
 [   14    84]]",4.253989934921265,990.3044996261597
155,3,SMOTE,LightGBM,0.5214723926380368,0.8673469387755102,0.6513409961685823,0.9912288289038422,0.8651717217280588,0.930675659602752,0.9329876103933299,"[[56785    78]
 [   13    85]]",5.57516884803772,990.3044996261597
156,3,ADASYN,LogisticRegression,0.017919750681729647,0.9387755102040817,0.035168195718654434,0.9747085458174266,0.7468984904544251,0.9249513406537513,0.9250531262572737,"[[51821  5042]
 [    6    92]]",0.32864904403686523,990.3044996261597
157,3,ADASYN,KNN,0.44148936170212766,0.8469387755102041,0.5804195804195804,0.9331777379717164,0.6301209347763077,0.9194426933010421,0.9225461160318373,"[[56758   105]
 [   15    83]]",3.2712998390197754,990.3044996261597
158,3,ADASYN,SVM,0.029133029133029134,0.8469387755102041,0.05632846963013234,0.9395606052068577,0.36999136987974207,0.8976307356986024,0.8991477726451008,"[[54097  2766]
 [   15    83]]",93.55265283584595,990.3044996261597
159,3,ADASYN,DecisionTree,0.4293785310734463,0.7755102040816326,0.5527272727272727,0.886867002573676,0.3333736614353874,0.8798481367165695,0.886867002573676,"[[56762   101]
 [   22    76]]",54.9863076210022,990.3044996261597
160,3,ADASYN,RandomForest,0.415,0.8469387755102041,0.5570469798657718,0.9940749104453348,0.8157648503214465,0.9193454920645833,0.9224405992634643,"[[56746   117]
 [   15    83]]",5.19836950302124,990.3044996261597
161,3,ADASYN,XGBoost,0.6511627906976745,0.8571428571428571,0.7400881057268722,0.9894194316665871,0.8756759489801114,0.925453691472706,0.9281757406900294,"[[56818    45]
 [   14    84]]",4.16275691986084,990.3044996261597
162,3,ADASYN,LightGBM,0.36796536796536794,0.8673469387755102,0.5167173252279635,0.9796340075519858,0.8448065800657855,0.9301182509347515,0.9323896820392157,"[[56717   146]
 [   13    85]]",6.329858064651489,990.3044996261597
163,3,Random UnderSampling,LogisticRegression,0.06086956521739131,0.9285714285714286,0.11424984306340238,0.9817630954743715,0.7169102381124214,0.9516533729180797,0.9519402523860607,"[[55459  1404]
 [    7    91]]",0.060843467712402344,990.3044996261597
164,3,Random UnderSampling,KNN,0.06263345195729537,0.8979591836734694,0.11709913506320692,0.979984473961225,0.42083707614999394,0.9365690648781788,0.9373991265077861,"[[55546  1317]
 [   10    88]]",0.08288264274597168,990.3044996261597
165,3,Random UnderSampling,SVM,0.07290803645401822,0.8979591836734694,0.13486590038314175,0.9891441549273279,0.7325283017372306,0.9382368331482879,0.9391401531859425,"[[55744  1119]
 [   10    88]]",0.557023286819458,990.3044996261597
166,3,Random UnderSampling,DecisionTree,0.016858095590959615,0.9285714285714286,0.033114992721979625,0.9176209234727076,0.01577683700681978,0.9175555817676593,0.9176209234727076,"[[51556  5307]
 [    7    91]]",0.040750980377197266,990.3044996261597
167,3,Random UnderSampling,RandomForest,0.06435643564356436,0.9285714285714286,0.12037037037037036,0.9874376724292939,0.7611222095591488,0.9523480825029443,0.9526524905725793,"[[55540  1323]
 [    7    91]]",1.6520881652832031,990.3044996261597
168,3,Random UnderSampling,XGBoost,0.04509415262636274,0.9285714285714286,0.08601134215500945,0.9897483640414645,0.7845023964654786,0.9471555124202985,0.9473414798977995,"[[54936  1927]
 [    7    91]]",0.25147247314453125,990.3044996261597
169,3,Random UnderSampling,LightGBM,0.057766367137355584,0.9183673469387755,0.10869565217391304,0.9927913025470815,0.7811523890190913,0.9458638248217177,0.9462754554717443,"[[55395  1468]
 [    8    90]]",0.7775490283966064,990.3044996261597
170,3,Tomek Links,LogisticRegression,0.8676470588235294,0.6020408163265306,0.7108433734939759,0.978421103066554,0.7825056359693764,0.7758514859330228,0.8009412705869855,"[[56854     9]
 [   39    59]]",0.18880534172058105,990.3044996261597
171,3,Tomek Links,KNN,0.9634146341463414,0.8061224489795918,0.8777777777777778,0.9233584874781386,0.817831765422731,0.8978195360214252,0.9030348452977026,"[[56860     3]
 [   19    79]]",1.6268186569213867,990.3044996261597
172,3,Tomek Links,SVM,0.9634146341463414,0.8061224489795918,0.8777777777777778,0.9714074680748969,0.8355869626783278,0.8978195360214252,0.9030348452977026,"[[56860     3]
 [   19    79]]",12.318527221679688,990.3044996261597
173,3,Tomek Links,DecisionTree,0.7777777777777778,0.7857142857142857,0.7817258883248731,0.8926636954484587,0.6114797844138973,0.8862337710385509,0.8926636954484588,"[[56841    22]
 [   21    77]]",22.97582221031189,990.3044996261597
174,3,Tomek Links,RandomForest,0.975,0.7959183673469388,0.8764044943820225,0.9722104183811644,0.8654384825296987,0.8921268817283046,0.8979415975454073,"[[56861     2]
 [   20    78]]",4.593102693557739,990.3044996261597
175,3,Tomek Links,XGBoost,0.975609756097561,0.8163265306122449,0.8888888888888888,0.9922175999816243,0.8685645315629579,0.9034920135598483,0.9081456791780602,"[[56861     2]
 [   18    80]]",2.1479368209838867,990.3044996261597
176,3,Tomek Links,LightGBM,0.2717391304347826,0.5102040816326531,0.3546099290780142,0.714026767522513,0.1684727802130642,0.7134435960285269,0.7539237702361602,"[[56729   134]
 [   48    50]]",2.7502052783966064,990.3044996261597
177,3,ENN,LogisticRegression,0.8831168831168831,0.6938775510204082,0.7771428571428571,0.9813940559604951,0.7859244022640435,0.8329272041692255,0.8468596379339243,"[[56854     9]
 [   30    68]]",0.15750861167907715,990.3044996261597
178,3,ENN,KNN,0.9302325581395349,0.8163265306122449,0.8695652173913043,0.9233382095957812,0.8052570931745887,0.9034602340306946,0.908110506921936,"[[56857     6]
 [   18    80]]",1.6177396774291992,990.3044996261597
179,3,ENN,SVM,0.8901098901098901,0.826530612244898,0.8571428571428571,0.9689926055715008,0.8167202507728784,0.9090573455579991,0.9131773754821381,"[[56853    10]
 [   17    81]]",12.175715684890747,990.3044996261597
180,3,ENN,DecisionTree,0.7476635514018691,0.8163265306122449,0.7804878048780488,0.907925852577283,0.6106535986692201,0.9032933731594246,0.907925852577283,"[[56836    27]
 [   18    80]]",22.83590292930603,990.3044996261597
181,3,ENN,RandomForest,0.9195402298850575,0.8163265306122449,0.8648648648648649,0.9562568392990385,0.8407957844546805,0.9034522889737396,0.9081017138579048,"[[56856     7]
 [   18    80]]",4.776387691497803,990.3044996261597
182,3,ENN,XGBoost,0.9310344827586207,0.826530612244898,0.8756756756756757,0.9916930667946267,0.8542770810123623,0.9090893242172259,0.9132125477382624,"[[56857     6]
 [   17    81]]",2.1882362365722656,990.3044996261597
183,3,ENN,LightGBM,0.3508771929824561,0.6122448979591837,0.44609665427509293,0.7830530379677325,0.28160334779996465,0.7816967180768386,0.8051464188721407,"[[56752   111]
 [   38    60]]",2.859027624130249,990.3044996261597
184,3,SMOTEENN,LogisticRegression,0.055589870290302656,0.9183673469387755,0.10483401281304601,0.978133444257537,0.7374094146070684,0.9453428970666221,0.9457390785658477,"[[55334  1529]
 [    8    90]]",0.26186537742614746,990.3044996261597
185,3,SMOTEENN,KNN,0.38425925925925924,0.8469387755102041,0.5286624203821656,0.93805187692438,0.5155235260818626,0.9192158744273292,0.9222999102389668,"[[56730   133]
 [   15    83]]",3.388878107070923,990.3044996261597
186,3,SMOTEENN,SVM,0.08555133079847908,0.9183673469387755,0.1565217391304348,0.9860647880135822,0.756731854198333,0.9501739530984284,0.9507247458714769,"[[55901   962]
 [    8    90]]",88.6162850856781,990.3044996261597
187,3,SMOTEENN,DecisionTree,0.38571428571428573,0.826530612244898,0.525974025974026,0.912131000862438,0.31910311453957324,0.908105465352367,0.9121310008624381,"[[56734   129]
 [   17    81]]",44.445865869522095,990.3044996261597
188,3,SMOTEENN,RandomForest,0.640625,0.8367346938775511,0.7256637168141593,0.9938362415644907,0.8340281106005079,0.9143619673835102,0.9179628659933453,"[[56817    46]
 [   16    82]]",5.513324022293091,990.3044996261597
189,3,SMOTEENN,XGBoost,0.631578947368421,0.8571428571428571,0.7272727272727273,0.9940977903568441,0.8323112175568892,0.9254211148251618,0.928140568433905,"[[56814    49]
 [   14    84]]",4.379693984985352,990.3044996261597
190,3,SMOTEENN,LightGBM,0.48295454545454547,0.8673469387755102,0.6204379562043796,0.9898689546338909,0.8027230599402184,0.9305691219950306,0.9328733005609258,"[[56772    91]
 [   13    85]]",6.046485424041748,990.3044996261597
191,3,SMOTETomek,LogisticRegression,0.05714285714285714,0.9183673469387755,0.10759115361625822,0.9779768738826976,0.7269671539886859,0.945718677074877,0.9461259733832157,"[[55378  1485]
 [    8    90]]",0.27054667472839355,990.3044996261597
192,3,SMOTETomek,KNN,0.44385026737967914,0.8469387755102041,0.5824561403508772,0.9331780968722891,0.6301691165248291,0.9194507929402427,0.9225549090958685,"[[56759   104]
 [   15    83]]",3.340991973876953,990.3044996261597
193,3,SMOTETomek,SVM,0.08670520231213873,0.9183673469387755,0.15845070422535212,0.9861374653795535,0.75825016566732,0.9502929277372815,0.9508478487679123,"[[55915   948]
 [    8    90]]",89.47146201133728,990.3044996261597
194,3,SMOTETomek,DecisionTree,0.39705882352941174,0.826530612244898,0.5364238410596026,0.9121837592466246,0.32847972232554473,0.9081534831965381,0.9121837592466246,"[[56740   123]
 [   17    81]]",52.5468955039978,990.3044996261597
195,3,SMOTETomek,RandomForest,0.7130434782608696,0.8367346938775511,0.7699530516431925,0.9923367549717599,0.8494187135200347,0.9144665665855101,0.9180771758257495,"[[56830    33]
 [   16    82]]",5.817430257797241,990.3044996261597
196,3,SMOTETomek,XGBoost,0.717948717948718,0.8571428571428571,0.7813953488372093,0.9871563841054422,0.8650270270444466,0.925551414535734,0.9282812574584025,"[[56830    33]
 [   14    84]]",4.4289751052856445,990.3044996261597
197,3,SMOTETomek,LightGBM,0.5214723926380368,0.8673469387755102,0.6513409961685823,0.9912288289038422,0.8651717217280588,0.930675659602752,0.9329876103933299,"[[56785    78]
 [   13    85]]",6.1775336265563965,990.3044996261597
198,4,None,LogisticRegression,0.9402985074626866,0.6428571428571429,0.7636363636363637,0.9650647977038976,0.7762387511516209,0.8017555246987594,0.8213933991724471,"[[56859     4]
 [   35    63]]",0.29408979415893555,895.7342245578766
199,4,None,KNN,0.9176470588235294,0.7959183673469388,0.8524590163934426,0.9182493583755013,0.8008389190233078,0.8920876568424161,0.8978976322252518,"[[56856     7]
 [   20    78]]",1.5995464324951172,895.7342245578766
200,4,None,SVM,0.926829268292683,0.7755102040816326,0.8444444444444444,0.9460958257351091,0.8292843054469898,0.8805841099810157,0.8877023436566298,"[[56857     6]
 [   22    76]]",11.80347728729248,895.7342245578766
201,4,None,DecisionTree,0.7708333333333334,0.7551020408163265,0.7628865979381443,0.8773575729994793,0.5824791640467215,0.8687979602589722,0.8773575729994791,"[[56841    22]
 [   24    74]]",21.232930660247803,895.7342245578766
202,4,None,RandomForest,0.95,0.7755102040816326,0.8539325842696629,0.9599942504128254,0.849859346677179,0.880599597543959,0.8877199297846919,"[[56859     4]
 [   22    76]]",4.653750896453857,895.7342245578766
203,4,None,XGBoost,0.95,0.7755102040816326,0.8539325842696629,0.9673391506330827,0.8619589547059335,0.880599597543959,0.8877199297846919,"[[56859     4]
 [   22    76]]",3.5895330905914307,895.7342245578766
204,4,None,LightGBM,0.3093220338983051,0.7448979591836735,0.437125748502994,0.8296186824975317,0.2658465777003714,0.8618368060290816,0.8710157101547686,"[[56700   163]
 [   25    73]]",2.540761709213257,895.7342245578766
205,4,None,LogisticRegression_Balanced,0.06293706293706294,0.9183673469387755,0.11780104712041885,0.964627656806352,0.7782752484396641,0.946955987575509,0.9474009676677242,"[[55523  1340]
 [    8    90]]",0.2721114158630371,895.7342245578766
206,4,None,DecisionTree_Balanced,0.8452380952380952,0.7244897959183674,0.7802197802197802,0.8621305881267796,0.6128403836536308,0.8510723607919995,0.8621305881267796,"[[56850    13]
 [   27    71]]",10.887080430984497,895.7342245578766
207,4,None,RandomForest_Balanced,0.95,0.7755102040816326,0.8539325842696629,0.9599942504128254,0.849859346677179,0.880599597543959,0.8877199297846919,"[[56859     4]
 [   22    76]]",4.579653739929199,895.7342245578766
208,4,Random OverSampling,LogisticRegression,0.06302521008403361,0.9183673469387755,0.11795543905635648,0.9647010519734686,0.7787589587075704,0.9469730426240498,0.9474185537957863,"[[55525  1338]
 [    8    90]]",0.30580902099609375,895.7342245578766
209,4,Random OverSampling,KNN,0.7043478260869566,0.826530612244898,0.7605633802816901,0.9182074567336388,0.7469995203748235,0.9088654499739185,0.9129663419453918,"[[56829    34]
 [   17    81]]",3.290118932723999,895.7342245578766
210,4,Random OverSampling,SVM,0.10045146726862303,0.9081632653061225,0.18089430894308944,0.9643227707698452,0.5900999523496601,0.9462739128521622,0.9470735606202807,"[[56066   797]
 [    9    89]]",92.00971603393555,895.7342245578766
211,4,Random OverSampling,DecisionTree,0.8470588235294118,0.7346938775510204,0.7868852459016393,0.8672326289431059,0.6227853842332214,0.85704487168584,0.867232628943106,"[[56850    13]
 [   26    72]]",14.066145658493042,895.7342245578766
212,4,Random OverSampling,RandomForest,0.9166666666666666,0.7857142857142857,0.8461538461538461,0.9591458094589681,0.848501480997271,0.8863506992212189,0.8927955914089252,"[[56856     7]
 [   21    77]]",5.586818695068359,895.7342245578766
213,4,Random OverSampling,XGBoost,0.9069767441860465,0.7959183673469388,0.8478260869565217,0.9605130411906597,0.8553951591964785,0.8920798116582714,0.8978888391612206,"[[56855     8]
 [   20    78]]",4.15155291557312,895.7342245578766
214,4,Random OverSampling,LightGBM,0.826530612244898,0.826530612244898,0.826530612244898,0.9592400208593014,0.843534327254851,0.9090013801972996,0.9131158240339204,"[[56846    17]
 [   17    81]]",5.493962287902832,895.7342245578766
215,4,SMOTE,LogisticRegression,0.056760204081632654,0.9081632653061225,0.10684273709483794,0.9633680952464696,0.7840723523795399,0.9405009541003883,0.9410766909510757,"[[55384  1479]
 [    9    89]]",0.4185304641723633,895.7342245578766
216,4,SMOTE,KNN,0.4685714285714286,0.8367346938775511,0.6007326007326007,0.9281347362995988,0.6333157071212913,0.9139837011642248,0.917549591983884,"[[56770    93]
 [   16    82]]",3.2384448051452637,895.7342245578766
217,4,SMOTE,SVM,0.09854423292273236,0.8979591836734694,0.17759838546922302,0.9635371374162103,0.6188744647007738,0.9408756163215831,0.9419011752917055,"[[56058   805]
 [   10    88]]",78.16600131988525,895.7342245578766
218,4,SMOTE,DecisionTree,0.38578680203045684,0.7755102040816326,0.5152542372881356,0.8866911412930542,0.29956783074898735,0.8796931165175552,0.8866911412930542,"[[56742   121]
 [   22    76]]",44.465747117996216,895.7342245578766
219,4,SMOTE,RandomForest,0.7043478260869566,0.826530612244898,0.7605633802816901,0.9709665587213377,0.8399719471698259,0.9088654499739185,0.9129663419453918,"[[56829    34]
 [   17    81]]",5.729252576828003,895.7342245578766
220,4,SMOTE,XGBoost,0.7363636363636363,0.826530612244898,0.7788461538461539,0.9778508997816808,0.8466718927197994,0.9089054315616475,0.9130103072655473,"[[56834    29]
 [   17    81]]",4.335860013961792,895.7342245578766
221,4,SMOTE,LightGBM,0.5436241610738255,0.826530612244898,0.6558704453441295,0.9446148225218723,0.7494959661602141,0.9085935285195954,0.9126673777683347,"[[56795    68]
 [   17    81]]",6.356170892715454,895.7342245578766
222,4,ADASYN,LogisticRegression,0.018774499690530223,0.9285714285714286,0.03680485338725986,0.9652802277726594,0.7497118212535634,0.9224456962015726,0.9224659017538395,"[[52107  4756]
 [    7    91]]",0.4665508270263672,895.7342245578766
223,4,ADASYN,KNN,0.4685714285714286,0.8367346938775511,0.6007326007326007,0.9281420040361958,0.6392248669017082,0.9139837011642248,0.917549591983884,"[[56770    93]
 [   16    82]]",3.265381097793579,895.7342245578766
224,4,ADASYN,SVM,0.030072589007950224,0.8877551020408163,0.058174523570712136,0.9379290432033742,0.38851209015526533,0.9186660651383446,0.9192042133491632,"[[54057  2806]
 [   11    87]]",76.45906281471252,895.7342245578766
225,4,ADASYN,DecisionTree,0.40860215053763443,0.7755102040816326,0.5352112676056338,0.8867878649973961,0.31726136632598223,0.8797783810072605,0.8867878649973961,"[[56753   110]
 [   22    76]]",55.74168419837952,895.7342245578766
226,4,ADASYN,RandomForest,0.43386243386243384,0.8367346938775511,0.5714285714285714,0.9651870033489014,0.8074293430201671,0.913870995855064,0.9174264890874486,"[[56756   107]
 [   16    82]]",4.934215545654297,895.7342245578766
227,4,ADASYN,XGBoost,0.6923076923076923,0.826530612244898,0.7534883720930232,0.9750664594135493,0.8423924617848348,0.9088494568463497,0.9129487558173297,"[[56827    36]
 [   17    81]]",4.319884300231934,895.7342245578766
228,4,ADASYN,LightGBM,0.3952380952380952,0.8469387755102041,0.538961038961039,0.9578150958605485,0.8071259884377892,0.9192644831830507,0.9223526686231533,"[[56736   127]
 [   15    83]]",6.1238603591918945,895.7342245578766
229,4,Random UnderSampling,LogisticRegression,0.041821561338289966,0.9183673469387755,0.08,0.9652666792760403,0.7054738658281473,0.9407789128154187,0.9410523754372755,"[[54801  2062]
 [    8    90]]",0.06390953063964844,895.7342245578766
230,4,Random UnderSampling,KNN,0.055876685934489405,0.8877551020408163,0.10513595166163142,0.9664779687088947,0.17925057348562132,0.9299490335064957,0.9309517468947025,"[[55393  1470]
 [   11    87]]",0.0801236629486084,895.7342245578766
231,4,Random UnderSampling,SVM,0.06430635838150289,0.9081632653061225,0.12010796221322537,0.9709708655282101,0.7108377211044957,0.9420619526087385,0.9426946147327968,"[[55568  1295]
 [    9    89]]",0.6259095668792725,895.7342245578766
232,4,Random UnderSampling,DecisionTree,0.016227180527383367,0.8979591836734694,0.031878282919760914,0.9020685952308575,0.014746904495303623,0.9020592348833997,0.9020685952308574,"[[51528  5335]
 [   10    88]]",0.033829689025878906,895.7342245578766
233,4,Random UnderSampling,RandomForest,0.056144728633811605,0.9183673469387755,0.10582010582010581,0.9741084640598762,0.7613203337792491,0.9454795616229134,0.9458797675903452,"[[55350  1513]
 [    8    90]]",1.0872797966003418,895.7342245578766
234,4,Random UnderSampling,XGBoost,0.04059539918809202,0.9183673469387755,0.07775377969762419,0.9686663649509185,0.7061187380722949,0.940220813757609,0.9404808262752544,"[[54736  2127]
 [    8    90]]",0.21180343627929688,895.7342245578766
235,4,Random UnderSampling,LightGBM,0.04594734124935467,0.9081632653061225,0.08746928746928746,0.9650843577851097,0.6943630882155766,0.937362639435645,0.9378320503236027,"[[55015  1848]
 [    9    89]]",0.7790427207946777,895.7342245578766
236,4,Tomek Links,LogisticRegression,0.9402985074626866,0.6428571428571429,0.7636363636363637,0.965050082780417,0.7773949924144855,0.8017555246987594,0.8213933991724471,"[[56859     4]
 [   35    63]]",0.18658781051635742,895.7342245578766
237,4,Tomek Links,KNN,0.9176470588235294,0.7959183673469388,0.8524590163934426,0.9182457693697742,0.8029341309432796,0.8920876568424161,0.8978976322252518,"[[56856     7]
 [   20    78]]",1.6216609477996826,895.7342245578766
238,4,Tomek Links,SVM,0.9285714285714286,0.7959183673469388,0.8571428571428571,0.9465103558965748,0.8308378105584655,0.8920955019575693,0.8979064252892828,"[[56857     6]
 [   20    78]]",11.74493408203125,895.7342245578766
239,4,Tomek Links,DecisionTree,0.7766990291262136,0.8163265306122449,0.7960199004975125,0.9079610248334073,0.6343560294646033,0.9033251585588453,0.9079610248334073,"[[56840    23]
 [   18    80]]",21.509002923965454,895.7342245578766
240,4,Tomek Links,RandomForest,0.9634146341463414,0.8061224489795918,0.8777777777777778,0.9583798259116882,0.8493859107558323,0.8978195360214252,0.9030348452977026,"[[56860     3]
 [   19    79]]",4.469193458557129,895.7342245578766
241,4,Tomek Links,XGBoost,0.9746835443037974,0.7857142857142857,0.8700564971751412,0.9690758705043665,0.8655829241096017,0.886389671854421,0.8928395567290807,"[[56861     2]
 [   21    77]]",1.9152336120605469,895.7342245578766
242,4,Tomek Links,LightGBM,0.2356020942408377,0.45918367346938777,0.31141868512110726,0.7320274257461634,0.14036975239913072,0.6767604340444823,0.7283080493861545,"[[56717   146]
 [   53    45]]",2.564934253692627,895.7342245578766
243,4,ENN,LogisticRegression,0.9154929577464789,0.6632653061224489,0.7692307692307693,0.964600918713686,0.7806600305316335,0.8143680497850913,0.8315798946770379,"[[56857     6]
 [   33    65]]",0.19031095504760742,895.7342245578766
244,4,ENN,KNN,0.8876404494382022,0.8061224489795918,0.8449197860962567,0.9181787446878229,0.7305414743259455,0.8977642693120373,0.902973293849485,"[[56853    10]
 [   19    79]]",1.6026623249053955,895.7342245578766
245,4,ENN,SVM,0.8695652173913043,0.8163265306122449,0.8421052631578947,0.9434046097907358,0.8022857864295975,0.9034125626408734,0.9080577485377493,"[[56851    12]
 [   18    80]]",12.03121304512024,895.7342245578766
246,4,ENN,DecisionTree,0.7247706422018348,0.8061224489795918,0.7632850241545893,0.9027974325688631,0.5845874465999182,0.8976063456777392,0.9027974325688631,"[[56833    30]
 [   19    79]]",19.904470443725586,895.7342245578766
247,4,ENN,RandomForest,0.9186046511627907,0.8061224489795918,0.8586956521739131,0.9496782815266339,0.8558697372455482,0.8977879554612219,0.9029996730415784,"[[56856     7]
 [   19    79]]",4.4199059009552,895.7342245578766
248,4,ENN,XGBoost,0.896551724137931,0.7959183673469388,0.8432432432432433,0.9701708761516671,0.857335883079939,0.8920719664051336,0.8978800460971896,"[[56854     9]
 [   20    78]]",3.3314781188964844,895.7342245578766
249,4,ENN,LightGBM,0.2893081761006289,0.46938775510204084,0.35797665369649806,0.6613375614213468,0.160913976920827,0.6844377053564479,0.733700261315507,"[[56750   113]
 [   52    46]]",2.536638021469116,895.7342245578766
250,4,SMOTEENN,LogisticRegression,0.05420219244823386,0.9081632653061225,0.10229885057471265,0.9633731198544873,0.777849718463525,0.9398724302147858,0.940426004212775,"[[55310  1553]
 [    9    89]]",0.30782008171081543,895.7342245578766
251,4,SMOTEENN,KNN,0.41,0.8367346938775511,0.5503355704697986,0.9279277403942955,0.5199305217693262,0.9137824319316058,0.9173297653831066,"[[56745   118]
 [   16    82]]",3.3602733612060547,895.7342245578766
252,4,SMOTEENN,SVM,0.0970231532524807,0.8979591836734694,0.17512437810945275,0.9634965816514953,0.6236066793466107,0.9407581212169986,0.9417780723952701,"[[56044   819]
 [   10    88]]",76.67717814445496,895.7342245578766
253,4,SMOTEENN,DecisionTree,0.3888888888888889,0.7857142857142857,0.5202702702702703,0.8917931821093806,0.3059242288583417,0.885461657778796,0.8917931821093807,"[[56742   121]
 [   21    77]]",44.85864591598511,895.7342245578766
254,4,SMOTEENN,RandomForest,0.6666666666666666,0.8163265306122449,0.7339449541284404,0.9800097764516003,0.8212400481380879,0.9031900628859513,0.9078115427448787,"[[56823    40]
 [   18    80]]",5.628843307495117,895.7342245578766
255,4,SMOTEENN,XGBoost,0.680672268907563,0.826530612244898,0.7465437788018433,0.9840610461162113,0.8322108771908902,0.9088334634373431,0.9129311696892675,"[[56825    38]
 [   17    81]]",4.382825136184692,895.7342245578766
256,4,SMOTEENN,LightGBM,0.4942528735632184,0.8775510204081632,0.6323529411764706,0.9793948003202829,0.8159859084135279,0.9360517830980695,0.9380017205693455,"[[56775    88]
 [   12    86]]",6.4802045822143555,895.7342245578766
257,4,SMOTETomek,LogisticRegression,0.056760204081632654,0.9081632653061225,0.10684273709483794,0.9633680952464696,0.7840723523795399,0.9405009541003883,0.9410766909510757,"[[55384  1479]
 [    9    89]]",0.3223226070404053,895.7342245578766
258,4,SMOTETomek,KNN,0.4685714285714286,0.8367346938775511,0.6007326007326007,0.9281347362995988,0.6333157071212913,0.9139837011642248,0.917549591983884,"[[56770    93]
 [   16    82]]",3.4081130027770996,895.7342245578766
259,4,SMOTETomek,SVM,0.09854423292273236,0.8979591836734694,0.17759838546922302,0.9635371374162103,0.6188744647007738,0.9408756163215831,0.9419011752917055,"[[56058   805]
 [   10    88]]",77.66816425323486,895.7342245578766
260,4,SMOTETomek,DecisionTree,0.38578680203045684,0.7755102040816326,0.5152542372881356,0.8866911412930542,0.29956783074898735,0.8796931165175552,0.8866911412930542,"[[56742   121]
 [   22    76]]",43.66406273841858,895.7342245578766
261,4,SMOTETomek,RandomForest,0.7043478260869566,0.826530612244898,0.7605633802816901,0.9709665587213377,0.8399719471698259,0.9088654499739185,0.9129663419453918,"[[56829    34]
 [   17    81]]",5.668576717376709,895.7342245578766
262,4,SMOTETomek,XGBoost,0.7363636363636363,0.826530612244898,0.7788461538461539,0.9778508997816808,0.8466718927197994,0.9089054315616475,0.9130103072655473,"[[56834    29]
 [   17    81]]",4.183804988861084,895.7342245578766
263,4,SMOTETomek,LightGBM,0.5436241610738255,0.826530612244898,0.6558704453441295,0.9446148225218723,0.7494959661602141,0.9085935285195954,0.9126673777683347,"[[56795    68]
 [   17    81]]",5.426080703735352,895.7342245578766
264,5,None,LogisticRegression,0.881578947368421,0.6836734693877551,0.7701149425287356,0.9638039799920108,0.7557319566398419,0.8267800559187956,0.8417575971175977,"[[56854     9]
 [   31    67]]",0.2592599391937256,909.8323965072632
265,5,None,KNN,0.9012345679012346,0.7448979591836735,0.8156424581005587,0.9335055039197326,0.780173969438158,0.863013997694386,0.872378635079588,"[[56855     8]
 [   25    73]]",1.661407470703125,909.8323965072632
266,5,None,SVM,0.9240506329113924,0.7448979591836735,0.8248587570621468,0.9346533576763628,0.7749666862182937,0.8630291767711291,0.8723962212076501,"[[56857     6]
 [   25    73]]",11.69538402557373,909.8323965072632
267,5,None,DecisionTree,0.7027027027027027,0.7959183673469388,0.7464114832535885,0.8976690125604433,0.5596451052966414,0.891883659627127,0.8976690125604434,"[[56830    33]
 [   20    78]]",25.06499409675598,909.8323965072632
268,5,None,RandomForest,0.927710843373494,0.7857142857142857,0.850828729281768,0.9571910574897703,0.8321567659350875,0.8863584938849476,0.8928043844729563,"[[56857     6]
 [   21    77]]",4.56252908706665,909.8323965072632
269,5,None,XGBoost,0.9195402298850575,0.8163265306122449,0.8648648648648649,0.9760094706683123,0.8251506805890483,0.9034522889737396,0.9081017138579048,"[[56856     7]
 [   18    80]]",1.9735584259033203,909.8323965072632
270,5,None,LightGBM,0.3246753246753247,0.5102040816326531,0.3968253968253968,0.7610996282866768,0.19511518634144379,0.713632216301674,0.7541875621570929,"[[56759   104]
 [   48    50]]",2.5759527683258057,909.8323965072632
271,5,None,LogisticRegression_Balanced,0.06483600305110603,0.8673469387755102,0.12065294535131299,0.9809536849577951,0.7092774486740545,0.9212200738342057,0.922893172885636,"[[55637  1226]
 [   13    85]]",0.24346470832824707,909.8323965072632
272,5,None,DecisionTree_Balanced,0.7096774193548387,0.673469387755102,0.6910994764397905,0.8364972811487116,0.4785078050064838,0.8204569503300149,0.8364972811487115,"[[56836    27]
 [   32    66]]",8.886667013168335,909.8323965072632
273,5,None,RandomForest_Balanced,0.927710843373494,0.7857142857142857,0.850828729281768,0.9571910574897703,0.8321567659350875,0.8863584938849476,0.8928043844729563,"[[56857     6]
 [   21    77]]",4.560758113861084,909.8323965072632
274,5,Random OverSampling,LogisticRegression,0.0648854961832061,0.8673469387755102,0.12073863636363637,0.9808451175345541,0.7089676789408222,0.9212283526408852,0.9229019659496671,"[[55638  1225]
 [   13    85]]",0.25710034370422363,909.8323965072632
275,5,Random OverSampling,KNN,0.6746031746031746,0.8673469387755102,0.7589285714285714,0.9335090929254596,0.7676229343860512,0.9309788152947329,0.9333129537624802,"[[56822    41]
 [   13    85]]",3.281909227371216,909.8323965072632
276,5,Random OverSampling,SVM,0.10996119016817593,0.8673469387755102,0.19517795637198623,0.9737521655163305,0.5994075815678391,0.9256633761955969,0.9276238413343636,"[[56175   688]
 [   13    85]]",91.26370787620544,909.8323965072632
277,5,Random OverSampling,DecisionTree,0.717391304347826,0.673469387755102,0.6947368421052632,0.8365060742127426,0.48370287040992427,0.820464168055941,0.8365060742127426,"[[56837    26]
 [   32    66]]",11.86797285079956,909.8323965072632
278,5,Random OverSampling,RandomForest,0.8555555555555555,0.7857142857142857,0.8191489361702128,0.9537834760022927,0.8168860281626978,0.886303929799282,0.8927428330247387,"[[56850    13]
 [   21    77]]",5.558192729949951,909.8323965072632
279,5,Random OverSampling,XGBoost,0.9,0.826530612244898,0.8617021276595744,0.975142994960677,0.8320147463189137,0.909065340328268,0.9131861685461692,"[[56854     9]
 [   17    81]]",3.7378203868865967,909.8323965072632
280,5,Random OverSampling,LightGBM,0.8695652173913043,0.8163265306122449,0.8421052631578947,0.9786751149468809,0.8049465230492148,0.9034125626408734,0.9080577485377493,"[[56851    12]
 [   18    80]]",5.32952094078064,909.8323965072632
281,5,SMOTE,LogisticRegression,0.05659121171770972,0.8673469387755102,0.10625,0.9784273838265763,0.7061008978679975,0.9196374552160358,0.9212136976556973,"[[55446  1417]
 [   13    85]]",0.41770362854003906,909.8323965072632
282,5,SMOTE,KNN,0.4427083333333333,0.8673469387755102,0.5862068965517241,0.9331814167025865,0.6007586666810396,0.9304379820391941,0.9327326115364283,"[[56756   107]
 [   13    85]]",3.210031270980835,909.8323965072632
283,5,SMOTE,SVM,0.08148893360160966,0.826530612244898,0.14835164835164835,0.9697369653592756,0.6004904596921147,0.901809140128078,0.9052372386620617,"[[55950   913]
 [   17    81]]",83.14462208747864,909.8323965072632
284,5,SMOTE,DecisionTree,0.3701923076923077,0.7857142857142857,0.5032679738562091,0.8917052514690698,0.29123405791817075,0.885383629098644,0.8917052514690698,"[[56732   131]
 [   21    77]]",43.84158253669739,909.8323965072632
285,5,SMOTE,RandomForest,0.640625,0.8367346938775511,0.7256637168141593,0.9742336306346043,0.8031225840042039,0.9143619673835102,0.9179628659933453,"[[56817    46]
 [   16    82]]",5.81076455116272,909.8323965072632
286,5,SMOTE,XGBoost,0.6694214876033058,0.826530612244898,0.7397260273972602,0.9715365825559248,0.8115180812783864,0.9088174697468837,0.9129135835612052,"[[56823    40]
 [   17    81]]",4.007383584976196,909.8323965072632
287,5,SMOTE,LightGBM,0.5,0.8469387755102041,0.6287878787878788,0.9823634464073514,0.7999341972638893,0.9196208688843175,0.9227395634405213,"[[56780    83]
 [   15    83]]",5.447489023208618,909.8323965072632
288,5,ADASYN,LogisticRegression,0.017817817817817817,0.9081632653061225,0.034949931278225016,0.9752811716811657,0.726674328394807,0.9109386197634234,0.9109428605165225,"[[51957  4906]
 [    9    89]]",0.4259607791900635,909.8323965072632
289,5,ADASYN,KNN,0.44041450777202074,0.8673469387755102,0.584192439862543,0.9331660737031037,0.5909388000915774,0.9304297851782412,0.9327238184723972,"[[56755   108]
 [   13    85]]",3.230518102645874,909.8323965072632
290,5,ADASYN,SVM,0.03418054338299737,0.7959183673469388,0.06554621848739496,0.9151368828839239,0.22416936145128488,0.8746820620774958,0.878579270548942,"[[54659  2204]
 [   20    78]]",85.68628859519958,909.8323965072632
291,5,ADASYN,DecisionTree,0.4293785310734463,0.7755102040816326,0.5527272727272727,0.886867002573676,0.3333736614353874,0.8798481367165695,0.886867002573676,"[[56762   101]
 [   22    76]]",56.38161015510559,909.8323965072632
292,5,ADASYN,RandomForest,0.3401639344262295,0.8469387755102041,0.4853801169590643,0.9658331141049,0.731646362980005,0.9189889995716624,0.9220537044460961,"[[56702   161]
 [   15    83]]",5.004544019699097,909.8323965072632
293,5,ADASYN,XGBoost,0.64,0.8163265306122449,0.7174887892376681,0.979767339114743,0.8087805610770763,0.9031503250187032,0.9077675774247234,"[[56818    45]
 [   18    80]]",3.781562566757202,909.8323965072632
294,5,ADASYN,LightGBM,0.3360995850622407,0.826530612244898,0.4778761061946903,0.9837910631603994,0.7892369226885215,0.9078573326981598,0.9118584158774743,"[[56703   160]
 [   17    81]]",5.3685736656188965,909.8323965072632
295,5,Random UnderSampling,LogisticRegression,0.04381049414161997,0.8775510204081632,0.08345463367297429,0.9734986919868629,0.6985215947194867,0.9211860812480634,0.9222709290177213,"[[54986  1877]
 [   12    86]]",0.05341148376464844,909.8323965072632
296,5,Random UnderSampling,KNN,0.06492537313432836,0.8877551020408163,0.12100139082058414,0.9613840031554539,0.18313806206193828,0.9317687732885477,0.9328598417894496,"[[55610  1253]
 [   11    87]]",0.0743708610534668,909.8323965072632
297,5,Random UnderSampling,SVM,0.05198019801980198,0.8571428571428571,0.09801633605600933,0.981460452566444,0.6960102868229222,0.9132632472037839,0.9151004544757952,"[[55331  1532]
 [   14    84]]",0.475339412689209,909.8323965072632
298,5,Random UnderSampling,DecisionTree,0.01465503046270377,0.9081632653061225,0.028844595689515477,0.9014639374910051,0.013467163162220944,0.9014390437537151,0.9014639374910051,"[[50879  5984]
 [    9    89]]",0.03616809844970703,909.8323965072632
299,5,Random UnderSampling,RandomForest,0.049014084507042255,0.8877551020408163,0.09289909236518953,0.977531567997123,0.717086541372971,0.9281173152079287,0.9290348589359244,"[[55175  1688]
 [   11    87]]",1.5331470966339111,909.8323965072632
300,5,Random UnderSampling,XGBoost,0.03676166873192895,0.9081632653061225,0.07066296149265582,0.9777178373943531,0.7386987405554003,0.9332302595153016,0.933576207332554,"[[54531  2332]
 [    9    89]]",0.21155643463134766,909.8323965072632
301,5,Random UnderSampling,LightGBM,0.046462513199577615,0.8979591836734694,0.08835341365461848,0.9847433161049095,0.6724817539115853,0.932437401955018,0.9330993181965821,"[[55057  1806]
 [   10    88]]",0.7177464962005615,909.8323965072632
302,5,Tomek Links,LogisticRegression,0.881578947368421,0.6836734693877551,0.7701149425287356,0.9643310254830173,0.7556337324151161,0.8267800559187956,0.8417575971175977,"[[56854     9]
 [   31    67]]",0.17612767219543457,909.8323965072632
303,5,Tomek Links,KNN,0.9012345679012346,0.7448979591836735,0.8156424581005587,0.9335029018905805,0.7806883614124498,0.863013997694386,0.872378635079588,"[[56855     8]
 [   25    73]]",1.6095459461212158,909.8323965072632
304,5,Tomek Links,SVM,0.9358974358974359,0.7448979591836735,0.8295454545454546,0.9334968005808446,0.774622814086029,0.8630367662093871,0.8724050142716813,"[[56858     5]
 [   25    73]]",11.591447114944458,909.8323965072632
305,5,Tomek Links,DecisionTree,0.6909090909090909,0.7755102040816326,0.7307692307692307,0.8874561378637592,0.5361932792671118,0.8803672554915404,0.8874561378637591,"[[56829    34]
 [   22    76]]",22.596147775650024,909.8323965072632
306,5,Tomek Links,RandomForest,0.9285714285714286,0.7959183673469388,0.8571428571428571,0.9706408564516145,0.8195943609809391,0.8920955019575693,0.8979064252892828,"[[56857     6]
 [   20    78]]",4.441228866577148,909.8323965072632
307,5,Tomek Links,XGBoost,0.9176470588235294,0.7959183673469388,0.8524590163934426,0.9787523682951541,0.8221344902288537,0.8920876568424161,0.8978976322252518,"[[56856     7]
 [   20    78]]",2.036126136779785,909.8323965072632
308,5,Tomek Links,LightGBM,0.2824074074074074,0.6224489795918368,0.3885350318471338,0.7936362083302976,0.2542566733565044,0.7878783390437947,0.8098615648710991,"[[56708   155]
 [   37    61]]",2.49635648727417,909.8323965072632
309,5,ENN,LogisticRegression,0.8625,0.7040816326530612,0.7752808988764045,0.9660476469222301,0.7550537363341396,0.8390145588043884,0.8519440926221886,"[[56852    11]
 [   29    69]]",0.18339872360229492,909.8323965072632
310,5,ENN,KNN,0.8823529411764706,0.7653061224489796,0.819672131147541,0.9334748179207669,0.7568187820127551,0.8747408386111957,0.8825651305841788,"[[56853    10]
 [   23    75]]",1.6098606586456299,909.8323965072632
311,5,ENN,SVM,0.8222222222222222,0.7551020408163265,0.7872340425531915,0.9323050712292021,0.7506085080284763,0.8688438131662615,0.8774103313836658,"[[56847    16]
 [   24    74]]",11.568980932235718,909.8323965072632
312,5,ENN,DecisionTree,0.6752136752136753,0.8061224489795918,0.7348837209302326,0.9027270880566145,0.5446384630074222,0.8975431684437093,0.9027270880566144,"[[56825    38]
 [   19    79]]",22.729127407073975,909.8323965072632
313,5,ENN,RandomForest,0.9080459770114943,0.8061224489795918,0.8540540540540541,0.9458220743232839,0.8231901156672172,0.897780060147595,0.9029908799775472,"[[56855     8]
 [   19    79]]",4.441306829452515,909.8323965072632
314,5,ENN,XGBoost,0.8709677419354839,0.826530612244898,0.8481675392670157,0.9840786322442735,0.8042763533045477,0.909041355806526,0.9131597893540759,"[[56851    12]
 [   17    81]]",2.0241968631744385,909.8323965072632
315,5,ENN,LightGBM,0.3037383177570093,0.6632653061224489,0.4166666666666667,0.803252949175731,0.3164644839913162,0.8133433039615932,0.8303224865205917,"[[56714   149]
 [   33    65]]",2.5545408725738525,909.8323965072632
316,5,SMOTEENN,LogisticRegression,0.05523066926575698,0.8673469387755102,0.10384850335980451,0.9788331209240111,0.7264688626579217,0.9193305596387293,0.9208883542865469,"[[55409  1454]
 [   13    85]]",0.26780247688293457,909.8323965072632
317,5,SMOTEENN,KNN,0.3953488372093023,0.8673469387755102,0.5431309904153354,0.9329702037155541,0.4983666708973122,0.9302494359640083,0.9325303710637132,"[[56733   130]
 [   13    85]]",3.3484065532684326,909.8323965072632
318,5,SMOTEENN,SVM,0.08070866141732283,0.8367346938775511,0.14721723518850988,0.9723533505342413,0.613418796252354,0.9071884894258014,0.9101546251337354,"[[55929   934]
 [   16    82]]",81.56143379211426,909.8323965072632
319,5,SMOTEENN,DecisionTree,0.3611111111111111,0.7959183673469388,0.4968152866242038,0.8967457408371787,0.2877660834176194,0.8910593495748081,0.8967457408371786,"[[56725   138]
 [   20    78]]",39.689326763153076,909.8323965072632
320,5,SMOTEENN,RandomForest,0.6102941176470589,0.8469387755102041,0.7094017094017094,0.9750039209887568,0.7927080670640979,0.9198637799699234,0.9230033553614542,"[[56810    53]
 [   15    83]]",5.52100944519043,909.8323965072632
321,5,SMOTEENN,XGBoost,0.6058394160583942,0.8469387755102041,0.7063829787234043,0.9862118475232451,0.7987114178039764,0.9198556839672127,0.9229945622974232,"[[56809    54]
 [   15    83]]",4.114394187927246,909.8323965072632
322,5,SMOTEENN,LightGBM,0.4659090909090909,0.8367346938775511,0.5985401459854015,0.9741388808834122,0.7406770149178791,0.913975651245904,0.9175407989198529,"[[56769    94]
 [   16    82]]",5.45724630355835,909.8323965072632
323,5,SMOTETomek,LogisticRegression,0.05659121171770972,0.8673469387755102,0.10625,0.9784273838265763,0.7061008978679975,0.9196374552160358,0.9212136976556973,"[[55446  1417]
 [   13    85]]",0.32789134979248047,909.8323965072632
324,5,SMOTETomek,KNN,0.4427083333333333,0.8673469387755102,0.5862068965517241,0.9331814167025865,0.6007586666810396,0.9304379820391941,0.9327326115364283,"[[56756   107]
 [   13    85]]",3.320751667022705,909.8323965072632
325,5,SMOTETomek,SVM,0.08148893360160966,0.826530612244898,0.14835164835164835,0.9697369653592756,0.6004904596921147,0.901809140128078,0.9052372386620617,"[[55950   913]
 [   17    81]]",83.12917256355286,909.8323965072632
326,5,SMOTETomek,DecisionTree,0.3701923076923077,0.7857142857142857,0.5032679738562091,0.8917052514690698,0.29123405791817075,0.885383629098644,0.8917052514690698,"[[56732   131]
 [   21    77]]",43.890583753585815,909.8323965072632
327,5,SMOTETomek,RandomForest,0.640625,0.8367346938775511,0.7256637168141593,0.9742336306346043,0.8031225840042039,0.9143619673835102,0.9179628659933453,"[[56817    46]
 [   16    82]]",5.767468214035034,909.8323965072632
328,5,SMOTETomek,XGBoost,0.6694214876033058,0.826530612244898,0.7397260273972602,0.9715365825559248,0.8115180812783864,0.9088174697468837,0.9129135835612052,"[[56823    40]
 [   17    81]]",4.1527650356292725,909.8323965072632
329,5,SMOTETomek,LightGBM,0.5,0.8469387755102041,0.6287878787878788,0.9823634464073514,0.7999341972638893,0.9196208688843175,0.9227395634405213,"[[56780    83]
 [   15    83]]",5.524107456207275,909.8323965072632
